行政区域コード,"都道府県名
（漢字）","市区町村名
（漢字）","都道府県名
（ｶﾅ）","市区町村名
（ｶﾅ）",都道府県真偽値,都道府県コード
15000,新潟県,,ﾆｲｶﾞﾀｹﾝ,,TRUE,15
15100,新潟県,新潟市,ﾆｲｶﾞﾀｹﾝ,ﾆｲｶﾞﾀｼ,FALSE,15
15101,新潟県,新潟市北区,ﾆｲｶﾞﾀｹﾝ,ﾆｲｶﾞﾀｼｷﾀｸ,FALSE,15
15102,新潟県,新潟市東区,ﾆｲｶﾞﾀｹﾝ,ﾆｲｶﾞﾀｼﾋｶﾞｼｸ,FALSE,15
15103,新潟県,新潟市中央区,ﾆｲｶﾞﾀｹﾝ,ﾆｲｶﾞﾀｼﾁｭｳｵｳｸ,FALSE,15
15104,新潟県,新潟市江南区,ﾆｲｶﾞﾀｹﾝ,ﾆｲｶﾞﾀｼｺｳﾅﾝｸ,FALSE,15
15105,新潟県,新潟市秋葉区,ﾆｲｶﾞﾀｹﾝ,ﾆｲｶﾞﾀｼｱｷﾊｸ,FALSE,15
15106,新潟県,新潟市南区,ﾆｲｶﾞﾀｹﾝ,ﾆｲｶﾞﾀｼﾐﾅﾐｸ,FALSE,15
15107,新潟県,新潟市西区,ﾆｲｶﾞﾀｹﾝ,ﾆｲｶﾞﾀｼﾆｼｸ,FALSE,15
15108,新潟県,新潟市西蒲区,ﾆｲｶﾞﾀｹﾝ,ﾆｲｶﾞﾀｼﾆｼｶﾝｸ,FALSE,15
15202,新潟県,長岡市,ﾆｲｶﾞﾀｹﾝ,ﾅｶﾞｵｶｼ,FALSE,15
15204,新潟県,三条市,ﾆｲｶﾞﾀｹﾝ,ｻﾝｼﾞｮｳｼ,FALSE,15
15205,新潟県,柏崎市,ﾆｲｶﾞﾀｹﾝ,ｶｼﾜｻﾞｷｼ,FALSE,15
15206,新潟県,新発田市,ﾆｲｶﾞﾀｹﾝ,ｼﾊﾞﾀｼ,FALSE,15
15208,新潟県,小千谷市,ﾆｲｶﾞﾀｹﾝ,ｵﾁﾞﾔｼ,FALSE,15
15209,新潟県,加茂市,ﾆｲｶﾞﾀｹﾝ,ｶﾓｼ,FALSE,15
15210,新潟県,十日町市,ﾆｲｶﾞﾀｹﾝ,ﾄｵｶﾏﾁｼ,FALSE,15
15211,新潟県,見附市,ﾆｲｶﾞﾀｹﾝ,ﾐﾂｹｼ,FALSE,15
15212,新潟県,村上市,ﾆｲｶﾞﾀｹﾝ,ﾑﾗｶﾐｼ,FALSE,15
15213,新潟県,燕市,ﾆｲｶﾞﾀｹﾝ,ﾂﾊﾞﾒｼ,FALSE,15
15216,新潟県,糸魚川市,ﾆｲｶﾞﾀｹﾝ,ｲﾄｲｶﾞﾜｼ,FALSE,15
15217,新潟県,妙高市,ﾆｲｶﾞﾀｹﾝ,ﾐｮｳｺｳｼ,FALSE,15
15218,新潟県,五泉市,ﾆｲｶﾞﾀｹﾝ,ｺﾞｾﾝｼ,FALSE,15
15222,新潟県,上越市,ﾆｲｶﾞﾀｹﾝ,ｼﾞｮｳｴﾂｼ,FALSE,15
15223,新潟県,阿賀野市,ﾆｲｶﾞﾀｹﾝ,ｱｶﾞﾉｼ,FALSE,15
15224,新潟県,佐渡市,ﾆｲｶﾞﾀｹﾝ,ｻﾄﾞｼ,FALSE,15
15225,新潟県,魚沼市,ﾆｲｶﾞﾀｹﾝ,ｳｵﾇﾏｼ,FALSE,15
15226,新潟県,南魚沼市,ﾆｲｶﾞﾀｹﾝ,ﾐﾅﾐｳｵﾇﾏｼ,FALSE,15
15227,新潟県,胎内市,ﾆｲｶﾞﾀｹﾝ,ﾀｲﾅｲｼ,FALSE,15
15307,新潟県,聖籠町,ﾆｲｶﾞﾀｹﾝ,ｾｲﾛｳﾏﾁ,FALSE,15
15342,新潟県,弥彦村,ﾆｲｶﾞﾀｹﾝ,ﾔﾋｺﾑﾗ,FALSE,15
15361,新潟県,田上町,ﾆｲｶﾞﾀｹﾝ,ﾀｶﾞﾐﾏﾁ,FALSE,15
15385,新潟県,阿賀町,ﾆｲｶﾞﾀｹﾝ,ｱｶﾞﾏﾁ,FALSE,15
15405,新潟県,出雲崎町,ﾆｲｶﾞﾀｹﾝ,ｲｽﾞﾓｻﾞｷﾏﾁ,FALSE,15
15461,新潟県,湯沢町,ﾆｲｶﾞﾀｹﾝ,ﾕｻﾞﾜﾏﾁ,FALSE,15
15482,新潟県,津南町,ﾆｲｶﾞﾀｹﾝ,ﾂﾅﾝﾏﾁ,FALSE,15
15504,新潟県,刈羽村,ﾆｲｶﾞﾀｹﾝ,ｶﾘﾜﾑﾗ,FALSE,15
15581,新潟県,関川村,ﾆｲｶﾞﾀｹﾝ,ｾｷｶﾜﾑﾗ,FALSE,15
15586,新潟県,粟島浦村,ﾆｲｶﾞﾀｹﾝ,ｱﾜｼﾏｳﾗﾑﾗ,FALSE,15
19000,山梨県,,ﾔﾏﾅｼｹﾝ,,TRUE,19
19201,山梨県,甲府市,ﾔﾏﾅｼｹﾝ,ｺｳﾌｼ,FALSE,19
19202,山梨県,富士吉田市,ﾔﾏﾅｼｹﾝ,ﾌｼﾞﾖｼﾀﾞｼ,FALSE,19
19204,山梨県,都留市,ﾔﾏﾅｼｹﾝ,ﾂﾙｼ,FALSE,19
19205,山梨県,山梨市,ﾔﾏﾅｼｹﾝ,ﾔﾏﾅｼｼ,FALSE,19
19206,山梨県,大月市,ﾔﾏﾅｼｹﾝ,ｵｵﾂｷｼ,FALSE,19
19207,山梨県,韮崎市,ﾔﾏﾅｼｹﾝ,ﾆﾗｻｷｼ,FALSE,19
19208,山梨県,南アルプス市,ﾔﾏﾅｼｹﾝ,ﾐﾅﾐｱﾙﾌﾟｽｼ,FALSE,19
19209,山梨県,北杜市,ﾔﾏﾅｼｹﾝ,ﾎｸﾄｼ,FALSE,19
19210,山梨県,甲斐市,ﾔﾏﾅｼｹﾝ,ｶｲｼ,FALSE,19
19211,山梨県,笛吹市,ﾔﾏﾅｼｹﾝ,ﾌｴﾌｷｼ,FALSE,19
19212,山梨県,上野原市,ﾔﾏﾅｼｹﾝ,ｳｴﾉﾊﾗｼ,FALSE,19
19213,山梨県,甲州市,ﾔﾏﾅｼｹﾝ,ｺｳｼｭｳｼ,FALSE,19
19214,山梨県,中央市,ﾔﾏﾅｼｹﾝ,ﾁｭｳｵｳｼ,FALSE,19
19346,山梨県,市川三郷町,ﾔﾏﾅｼｹﾝ,ｲﾁｶﾜﾐｻﾄﾁｮｳ,FALSE,19
19364,山梨県,早川町,ﾔﾏﾅｼｹﾝ,ﾊﾔｶﾜﾁｮｳ,FALSE,19
19365,山梨県,身延町,ﾔﾏﾅｼｹﾝ,ﾐﾉﾌﾞﾁｮｳ,FALSE,19
19366,山梨県,南部町,ﾔﾏﾅｼｹﾝ,ﾅﾝﾌﾞﾁｮｳ,FALSE,19
19368,山梨県,富士川町,ﾔﾏﾅｼｹﾝ,ﾌｼﾞｶﾜﾁｮｳ,FALSE,19
19384,山梨県,昭和町,ﾔﾏﾅｼｹﾝ,ｼｮｳﾜﾁｮｳ,FALSE,19
19422,山梨県,道志村,ﾔﾏﾅｼｹﾝ,ﾄﾞｳｼﾑﾗ,FALSE,19
19423,山梨県,西桂町,ﾔﾏﾅｼｹﾝ,ﾆｼｶﾂﾗﾁｮｳ,FALSE,19
19424,山梨県,忍野村,ﾔﾏﾅｼｹﾝ,ｵｼﾉﾑﾗ,FALSE,19
19425,山梨県,山中湖村,ﾔﾏﾅｼｹﾝ,ﾔﾏﾅｶｺﾑﾗ,FALSE,19
19429,山梨県,鳴沢村,ﾔﾏﾅｼｹﾝ,ﾅﾙｻﾜﾑﾗ,FALSE,19
19430,山梨県,富士河口湖町,ﾔﾏﾅｼｹﾝ,ﾌｼﾞｶﾜｸﾞﾁｺﾏﾁ,FALSE,19
19442,山梨県,小菅村,ﾔﾏﾅｼｹﾝ,ｺｽｹﾞﾑﾗ,FALSE,19
19443,山梨県,丹波山村,ﾔﾏﾅｼｹﾝ,ﾀﾊﾞﾔﾏﾑﾗ,FALSE,19
20000,長野県,,ﾅｶﾞﾉｹﾝ,,TRUE,20
20201,長野県,長野市,ﾅｶﾞﾉｹﾝ,ﾅｶﾞﾉｼ,FALSE,20
20202,長野県,松本市,ﾅｶﾞﾉｹﾝ,ﾏﾂﾓﾄｼ,FALSE,20
20203,長野県,上田市,ﾅｶﾞﾉｹﾝ,ｳｴﾀﾞｼ,FALSE,20
20204,長野県,岡谷市,ﾅｶﾞﾉｹﾝ,ｵｶﾔｼ,FALSE,20
20205,長野県,飯田市,ﾅｶﾞﾉｹﾝ,ｲｲﾀﾞｼ,FALSE,20
20206,長野県,諏訪市,ﾅｶﾞﾉｹﾝ,ｽﾜｼ,FALSE,20
20207,長野県,須坂市,ﾅｶﾞﾉｹﾝ,ｽｻﾞｶｼ,FALSE,20
20208,長野県,小諸市,ﾅｶﾞﾉｹﾝ,ｺﾓﾛｼ,FALSE,20
20209,長野県,伊那市,ﾅｶﾞﾉｹﾝ,ｲﾅｼ,FALSE,20
20210,長野県,駒ヶ根市,ﾅｶﾞﾉｹﾝ,ｺﾏｶﾞﾈｼ,FALSE,20
20211,長野県,中野市,ﾅｶﾞﾉｹﾝ,ﾅｶﾉｼ,FALSE,20
20212,長野県,大町市,ﾅｶﾞﾉｹﾝ,ｵｵﾏﾁｼ,FALSE,20
20213,長野県,飯山市,ﾅｶﾞﾉｹﾝ,ｲｲﾔﾏｼ,FALSE,20
20214,長野県,茅野市,ﾅｶﾞﾉｹﾝ,ﾁﾉｼ,FALSE,20
20215,長野県,塩尻市,ﾅｶﾞﾉｹﾝ,ｼｵｼﾞﾘｼ,FALSE,20
20217,長野県,佐久市,ﾅｶﾞﾉｹﾝ,ｻｸｼ,FALSE,20
20218,長野県,千曲市,ﾅｶﾞﾉｹﾝ,ﾁｸﾏｼ,FALSE,20
20219,長野県,東御市,ﾅｶﾞﾉｹﾝ,ﾄｳﾐｼ,FALSE,20
20220,長野県,安曇野市,ﾅｶﾞﾉｹﾝ,ｱﾂﾞﾐﾉｼ,FALSE,20
20303,長野県,小海町,ﾅｶﾞﾉｹﾝ,ｺｳﾐﾏﾁ,FALSE,20
20304,長野県,川上村,ﾅｶﾞﾉｹﾝ,ｶﾜｶﾐﾑﾗ,FALSE,20
20305,長野県,南牧村,ﾅｶﾞﾉｹﾝ,ﾐﾅﾐﾏｷﾑﾗ,FALSE,20
20306,長野県,南相木村,ﾅｶﾞﾉｹﾝ,ﾐﾅﾐｱｲｷﾑﾗ,FALSE,20
20307,長野県,北相木村,ﾅｶﾞﾉｹﾝ,ｷﾀｱｲｷﾑﾗ,FALSE,20
20309,長野県,佐久穂町,ﾅｶﾞﾉｹﾝ,ｻｸﾎﾏﾁ,FALSE,20
20321,長野県,軽井沢町,ﾅｶﾞﾉｹﾝ,ｶﾙｲｻﾞﾜﾏﾁ,FALSE,20
20323,長野県,御代田町,ﾅｶﾞﾉｹﾝ,ﾐﾖﾀﾏﾁ,FALSE,20
20324,長野県,立科町,ﾅｶﾞﾉｹﾝ,ﾀﾃｼﾅﾏﾁ,FALSE,20
20349,長野県,青木村,ﾅｶﾞﾉｹﾝ,ｱｵｷﾑﾗ,FALSE,20
20350,長野県,長和町,ﾅｶﾞﾉｹﾝ,ﾅｶﾞﾜﾏﾁ,FALSE,20
20361,長野県,下諏訪町,ﾅｶﾞﾉｹﾝ,ｼﾓｽﾜﾏﾁ,FALSE,20
20362,長野県,富士見町,ﾅｶﾞﾉｹﾝ,ﾌｼﾞﾐﾏﾁ,FALSE,20
20363,長野県,原村,ﾅｶﾞﾉｹﾝ,ﾊﾗﾑﾗ,FALSE,20
20382,長野県,辰野町,ﾅｶﾞﾉｹﾝ,ﾀﾂﾉﾏﾁ,FALSE,20
20383,長野県,箕輪町,ﾅｶﾞﾉｹﾝ,ﾐﾉﾜﾏﾁ,FALSE,20
20384,長野県,飯島町,ﾅｶﾞﾉｹﾝ,ｲｲｼﾞﾏﾏﾁ,FALSE,20
20385,長野県,南箕輪村,ﾅｶﾞﾉｹﾝ,ﾐﾅﾐﾐﾉﾜﾑﾗ,FALSE,20
20386,長野県,中川村,ﾅｶﾞﾉｹﾝ,ﾅｶｶﾞﾜﾑﾗ,FALSE,20
20388,長野県,宮田村,ﾅｶﾞﾉｹﾝ,ﾐﾔﾀﾞﾑﾗ,FALSE,20
20402,長野県,松川町,ﾅｶﾞﾉｹﾝ,ﾏﾂｶﾜﾏﾁ,FALSE,20
20403,長野県,高森町,ﾅｶﾞﾉｹﾝ,ﾀｶﾓﾘﾏﾁ,FALSE,20
20404,長野県,阿南町,ﾅｶﾞﾉｹﾝ,ｱﾅﾝﾁｮｳ,FALSE,20
20407,長野県,阿智村,ﾅｶﾞﾉｹﾝ,ｱﾁﾑﾗ,FALSE,20
20409,長野県,平谷村,ﾅｶﾞﾉｹﾝ,ﾋﾗﾔﾑﾗ,FALSE,20
20410,長野県,根羽村,ﾅｶﾞﾉｹﾝ,ﾈﾊﾞﾑﾗ,FALSE,20
20411,長野県,下條村,ﾅｶﾞﾉｹﾝ,ｼﾓｼﾞｮｳﾑﾗ,FALSE,20
20412,長野県,売木村,ﾅｶﾞﾉｹﾝ,ｳﾙｷﾞﾑﾗ,FALSE,20
20413,長野県,天龍村,ﾅｶﾞﾉｹﾝ,ﾃﾝﾘｭｳﾑﾗ,FALSE,20
20414,長野県,泰阜村,ﾅｶﾞﾉｹﾝ,ﾔｽｵｶﾑﾗ,FALSE,20
20415,長野県,喬木村,ﾅｶﾞﾉｹﾝ,ﾀｶｷﾞﾑﾗ,FALSE,20
20416,長野県,豊丘村,ﾅｶﾞﾉｹﾝ,ﾄﾖｵｶﾑﾗ,FALSE,20
20417,長野県,大鹿村,ﾅｶﾞﾉｹﾝ,ｵｵｼｶﾑﾗ,FALSE,20
20422,長野県,上松町,ﾅｶﾞﾉｹﾝ,ｱｹﾞﾏﾂﾏﾁ,FALSE,20
20423,長野県,南木曽町,ﾅｶﾞﾉｹﾝ,ﾅｷﾞｿﾏﾁ,FALSE,20
20425,長野県,木祖村,ﾅｶﾞﾉｹﾝ,ｷｿﾑﾗ,FALSE,20
20429,長野県,王滝村,ﾅｶﾞﾉｹﾝ,ｵｳﾀｷﾑﾗ,FALSE,20
20430,長野県,大桑村,ﾅｶﾞﾉｹﾝ,ｵｵｸﾜﾑﾗ,FALSE,20
20432,長野県,木曽町,ﾅｶﾞﾉｹﾝ,ｷｿﾏﾁ,FALSE,20
20446,長野県,麻績村,ﾅｶﾞﾉｹﾝ,ｵﾐﾑﾗ,FALSE,20
20448,長野県,生坂村,ﾅｶﾞﾉｹﾝ,ｲｸｻｶﾑﾗ,FALSE,20
20450,長野県,山形村,ﾅｶﾞﾉｹﾝ,ﾔﾏｶﾞﾀﾑﾗ,FALSE,20
20451,長野県,朝日村,ﾅｶﾞﾉｹﾝ,ｱｻﾋﾑﾗ,FALSE,20
20452,長野県,筑北村,ﾅｶﾞﾉｹﾝ,ﾁｸﾎｸﾑﾗ,FALSE,20
20481,長野県,池田町,ﾅｶﾞﾉｹﾝ,ｲｹﾀﾞﾏﾁ,FALSE,20
20482,長野県,松川村,ﾅｶﾞﾉｹﾝ,ﾏﾂｶﾜﾑﾗ,FALSE,20
20485,長野県,白馬村,ﾅｶﾞﾉｹﾝ,ﾊｸﾊﾞﾑﾗ,FALSE,20
20486,長野県,小谷村,ﾅｶﾞﾉｹﾝ,ｵﾀﾘﾑﾗ,FALSE,20
20521,長野県,坂城町,ﾅｶﾞﾉｹﾝ,ｻｶｷﾏﾁ,FALSE,20
20541,長野県,小布施町,ﾅｶﾞﾉｹﾝ,ｵﾌﾞｾﾏﾁ,FALSE,20
20543,長野県,高山村,ﾅｶﾞﾉｹﾝ,ﾀｶﾔﾏﾑﾗ,FALSE,20
20561,長野県,山ノ内町,ﾅｶﾞﾉｹﾝ,ﾔﾏﾉｳﾁﾏﾁ,FALSE,20
20562,長野県,木島平村,ﾅｶﾞﾉｹﾝ,ｷｼﾞﾏﾀﾞｲﾗﾑﾗ,FALSE,20
20563,長野県,野沢温泉村,ﾅｶﾞﾉｹﾝ,ﾉｻﾞﾜｵﾝｾﾝﾑﾗ,FALSE,20
20583,長野県,信濃町,ﾅｶﾞﾉｹﾝ,ｼﾅﾉﾏﾁ,FALSE,20
20588,長野県,小川村,ﾅｶﾞﾉｹﾝ,ｵｶﾞﾜﾑﾗ,FALSE,20
20590,長野県,飯綱町,ﾅｶﾞﾉｹﾝ,ｲｲﾂﾞﾅﾏﾁ,FALSE,20
20602,長野県,栄村,ﾅｶﾞﾉｹﾝ,ｻｶｴﾑﾗ,FALSE,20